[
	{
		"title": "king",
		"tags": "",
		"body": "<<avatar king>>Hello [b]Alanna[/b] how everything is going.\nI'm a little busy right now, would you help me.\nHave you seen Jaina? [[ Yes |jainayes]] [[ No |jainano]]",
		"position": {
			"x": 8572,
			"y": 9666
		},
		"colorID": 8
	},
	{
		"title": "jainano",
		"tags": "",
		"body": "Then [b]look for her please.[/b]!\nI don't have time for looking her right now...",
		"position": {
			"x": 8481,
			"y": 9983
		},
		"colorID": 5
	},
	{
		"title": "jainayes",
		"tags": "",
		"body": "<<if $quest2 == true and $quest3 == true>>\n<< avatar king>>Oh yeah? You saw her she is so cute right?\nPlease tell her that I miss her and that she come see me from time to time.\n<< avatar alanna>>Actually she send you a gift take this flowers 🌼 \n<< avatar king>>Oh, she is so nice, and so you thank you so much for everything. \n<< avatar alanna>><< speed 1.1>> Any time your majesty. Good bye now. \n<<else>>\nYou certainly haven't seen her, I haven't seen her either, can you please look for her.\n<<endif>>",
		"position": {
			"x": 8701,
			"y": 9973
		},
		"colorID": 2
	},
	{
		"title": "ashley",
		"tags": "",
		"body": "<<if $quest1 == true>>\n<<avatar ashley>>Hi again, did you find those knives?\n[[ Yes |knivesquestyes]] [[ No |waiting]]\n<<else>> \n<<avatar ashley>> Nice to meet you, I am [color=#00ff00]Ashley[/color].\nI have a quest for you please go to the next room and get some knives for me.\nI can give you a [color=#ffff00]Golden Key[/color] as a reward.\nWhat would you like to do accept the quest?\n[[ Yes |acceptquest]] [[ No |rejectquest]] [[ Nothing... |waiting]]\n<<endif>>",
		"position": {
			"x": 7829,
			"y": 10294
		},
		"colorID": 8
	},
	{
		"title": "acceptquest",
		"tags": "",
		"body": "Yay!!! <<set $quest1 to true >> <<showswitch yes>>  <<wait 1000>>Nice I'm counting on you.\n<<avatar alanna>> Don't worry [color=#00ff00]Ashley[/color] I'll take care of this.",
		"position": {
			"x": 7565,
			"y": 10571
		},
		"colorID": 0
	},
	{
		"title": "waiting",
		"tags": "",
		"body": "<<wait 100>>",
		"position": {
			"x": 8173,
			"y": 10054
		},
		"colorID": 0
	},
	{
		"title": "Start",
		"tags": "",
		"body": "[[ start|Start1]]",
		"position": {
			"x": 7275,
			"y": 9652
		},
		"colorID": 8
	},
	{
		"title": "Start1",
		"tags": "",
		"body": "<<avatar sign>>Press [color=#ffff00]Z[/color] to interact with the NPCs and signs.\nUse the [color=#ffff00]Arrows[/color] to move and [color=#ffff00]Spacebar[/color] to jump.\nAnd welcome to another Yarn's example for GDevelop 5. <<speed 0.2>> I hope you enjoy playing!",
		"position": {
			"x": 7272,
			"y": 9875
		},
		"colorID": 0
	},
	{
		"title": "rejectquest",
		"tags": "",
		"body": "Oh, well I hope you change your mind. 😢",
		"position": {
			"x": 7799,
			"y": 10575
		},
		"colorID": 0
	},
	{
		"title": "jaina",
		"tags": "",
		"body": "<<avatar jaina>> <<set $quest2 to true >>\nI am Jaina, nice to meet you.\nI have a mission for you, can you help me?\n[[ Sure |helpjainayes]] [[ Not now... |helpjainano]]",
		"position": {
			"x": 7628,
			"y": 9782
		},
		"colorID": 8
	},
	{
		"title": "knivesquestyes",
		"tags": "",
		"body": "<< if $quest1solved == true>> \n<<avatar ashley>> <<reward key>> Good, here take the [color=#ffff00]Golden Key[/color] as a reward. \n<<avatar alanna>> Thanks [color=#00ff00]Ashley[/color], see you.\n<< else>>\n<<avatar ashley>> Please [color=#ffff00]Alanna[/color] go for it. \n<< endif>>",
		"position": {
			"x": 8067,
			"y": 10583
		},
		"colorID": 2
	},
	{
		"title": "knives",
		"tags": "",
		"body": "<<if $quest1 == true>>\n<<avatar alanna>> Hmm ... I think these are the knives [color=#00ff00]Ashley[/color] wants.\n[[ Take the knives |takeknives]] [[ Leave... |waiting]]\n<<endif>>",
		"position": {
			"x": 8268,
			"y": 10316
		},
		"colorID": 6
	},
	{
		"title": "takeknives",
		"tags": "",
		"body": "<<avatar alanna>><<set $quest1solved to true>> <<hideknives yes>>  Good now let's go back to [color=#00ff00]Ashley[/color].",
		"position": {
			"x": 8504,
			"y": 10314
		},
		"colorID": 2
	},
	{
		"title": "questdoor",
		"tags": "",
		"body": "<<avatar sign>>This [color=#ffff00]Golden Door[/color] is locked only with the [color=#ffff00]Golden Key[/color] can be opened. \n<<avatar alanna>> The story says, that [color=#00ff00]Ashley[/color] knows about this.",
		"position": {
			"x": 7544,
			"y": 10294
		},
		"colorID": 8
	},
	{
		"title": "helpjainayes",
		"tags": "",
		"body": "<<avatar jaina>><< set $quest3 to true>>  Please take this flowers 🌼 to the king, and let him know that I'm going to see him soon.\n<<avatar alanna>> Sure no problem, I'm going to tell him now.",
		"position": {
			"x": 7897,
			"y": 9870
		},
		"colorID": 2
	},
	{
		"title": "helpjainano",
		"tags": "",
		"body": "<<avatar jaina>>You are a mean...",
		"position": {
			"x": 7898,
			"y": 9651
		},
		"colorID": 5
	}
]